{
    "best_model": "LGBM",
    "details": {
        "LGBM": {
            "rmse": 1557.7299320363038
        },
        "LGBM_log": {
            "rmse": 1698.1448321371017
        },
        "XGBoost_log": {
            "rmse": 1916.3510502531688
        },
        "RF_log": {
            "rmse": 2393.222339771591
        },
        "DT_log": {
            "rmse": 2448.039980077042
        }
    }
}